wavelength,throughput
600.0,7.33655646e-06
600.25,7.33703451e-06
600.5,7.33778192e-06
600.75,7.33888561e-06
601.0,7.34045932e-06
601.25,7.34657818e-06
601.5,7.35351225e-06
601.75,7.36151397e-06
602.0,7.37091033e-06
602.25,7.38073728e-06
602.5,7.39292159e-06
602.75,7.40816054e-06
603.0,7.42734728e-06
603.25,7.45081033e-06
603.5,7.48080933e-06
603.75,7.51918809e-06
604.0,7.56828236e-06
604.25,7.63283285e-06
604.5,7.71480405e-06
604.75,7.81888201e-06
605.0,7.95093942e-06
605.25,8.11716864e-06
605.5,8.32780495e-06
605.75,8.59419298e-06
606.0,8.93039055e-06
606.25,9.35476267e-06
606.5,9.88783367e-06
606.75,1.05559493e-05
607.0,1.13913956e-05
607.25,1.2431326e-05
607.5,1.37256408e-05
607.75,1.53325865e-05
608.0,1.73227218e-05
608.25,1.97821763e-05
608.5,2.28129829e-05
608.75,2.65385287e-05
609.0,3.11065837e-05
609.25,3.66972758e-05
609.5,4.3518405e-05
609.75,5.18198555e-05
610.0,6.18974605e-05
610.25,7.40879782e-05
610.5,8.88098947e-05
610.75,0.000106543953
611.0,0.000127852469
611.25,0.000153430224
611.5,0.00018401614
611.75,0.000220498447
612.0,0.00026390393
612.25,0.000315352801
612.5,0.000376243315
612.75,0.000448125947
613.0,0.000532770447
613.25,0.000632224683
613.5,0.000748750961
613.75,0.000884934586
614.0,0.00104368918
614.25,0.0012281804
614.5,0.00144214253
614.75,0.00168965572
615.0,0.00197525694
615.25,0.00230409484
615.5,0.00268164007
615.75,0.00311401093
616.0,0.00360791677
616.25,0.00417097088
616.5,0.00481095772
616.75,0.00553654954
617.0,0.00635711676
617.25,0.00728357282
617.5,0.00832613698
617.75,0.00949639446
618.0,0.0108066643
618.25,0.0122665434
618.5,0.0138923128
618.75,0.0156982444
619.0,0.0176992301
619.25,0.0199104804
619.5,0.0223481504
619.75,0.0250286284
620.0,0.0279686459
620.25,0.031187702
620.5,0.0347009485
620.75,0.0385255778
621.0,0.042678662
621.25,0.0471693173
621.5,0.0520200396
621.75,0.0572464475
622.0,0.0628633955
622.25,0.0689092278
622.5,0.0753768773
622.75,0.0822783009
623.0,0.0896239947
623.25,0.09742503
623.5,0.105686615
623.75,0.114413855
624.0,0.123609731
624.25,0.133242352
624.5,0.143337722
624.75,0.153891341
625.0,0.164896139
625.25,0.176349134
625.5,0.188232153
625.75,0.200530215
626.0,0.213225688
626.25,0.226282903
626.5,0.239692706
626.75,0.253429845
627.0,0.267466781
627.25,0.281808017
627.5,0.296391295
627.75,0.31118335
628.0,0.326149389
628.25,0.341219502
628.5,0.356387455
628.75,0.371615409
629.0,0.386865088
629.25,0.402158697
629.5,0.417401867
629.75,0.432556694
630.0,0.447585966
630.25,0.46237478
630.5,0.47696185
630.75,0.491313768
631.0,0.50539886
631.25,0.519135199
631.5,0.532544676
631.75,0.545602071
632.0,0.55828459
632.25,0.570707497
632.5,0.582723223
632.75,0.59431645
633.0,0.605474518
633.25,0.616143024
633.5,0.626357533
633.75,0.63611333
634.0,0.645408189
634.25,0.6542916
634.5,0.662717907
634.75,0.670691572
635.0,0.678219042
635.25,0.68513981
635.5,0.691629408
635.75,0.69769956
636.0,0.703363282
636.25,0.708732754
636.5,0.713726322
636.75,0.718359645
637.0,0.722648978
637.25,0.726512656
637.5,0.730065032
637.75,0.733323309
638.0,0.736304678
638.25,0.739226134
638.5,0.741905848
638.75,0.744360085
639.0,0.74660469
639.25,0.74856631
639.5,0.750348056
639.75,0.751964169
640.0,0.753428233
640.25,0.754719041
640.5,0.755882793
640.75,0.756930975
641.0,0.75787435
641.25,0.758618651
641.5,0.759277345
641.75,0.759859104
642.0,0.760371924
642.25,0.760866977
642.5,0.761307199
642.75,0.76169871
643.0,0.76204707
643.25,0.762427056
643.5,0.762773508
643.75,0.763090505
644.0,0.763381699
644.25,0.763699561
644.5,0.763997808
644.75,0.764279016
645.0,0.764545463
645.25,0.764699068
645.5,0.764841674
645.75,0.764974831
646.0,0.765099896
646.25,0.76504415
646.5,0.764982501
646.75,0.764915838
647.0,0.76484493
647.25,0.766469435
647.5,0.768091446
647.75,0.769711427
648.0,0.771329777
648.25,0.771868161
648.5,0.772405233
648.75,0.772941242
649.0,0.773476399
649.25,0.773365042
649.5,0.773252984
649.75,0.773140349
650.0,0.773027241
650.25,0.772907833
650.5,0.772788098
650.75,0.772668094
651.0,0.77254787
651.25,0.772526658
651.5,0.772505297
651.75,0.772483812
652.0,0.772462226
652.25,0.772552824
652.5,0.77264337
652.75,0.772733875
653.0,0.772824349
653.25,0.77295668
653.5,0.773089
653.75,0.773221313
654.0,0.773353623
654.25,0.773573348
654.5,0.773793095
654.75,0.774012867
655.0,0.774232665
655.25,0.774210857
655.5,0.774189046
655.75,0.774167231
656.0,0.774145414
656.25,0.774150206
656.5,0.774154981
656.75,0.774159739
657.0,0.774164481
657.25,0.773869813
657.5,0.773575187
657.75,0.773280606
658.0,0.772986068
658.25,0.772863765
658.5,0.772741401
658.75,0.772618976
659.0,0.772496489
659.25,0.772053228
659.5,0.77161005
659.75,0.771166955
660.0,0.770723944
660.25,0.770370698
660.5,0.770017385
660.75,0.769664008
661.0,0.769310564
661.25,0.768984586
661.5,0.768658603
661.75,0.768332613
662.0,0.768006618
662.25,0.767823671
662.5,0.76764064
662.75,0.767457527
663.0,0.767274329
663.25,0.76686421
663.5,0.766454131
663.75,0.766044091
664.0,0.76563409
664.25,0.765303605
664.5,0.764973162
664.75,0.76464276
665.0,0.7643124
665.25,0.76396472
665.5,0.763617104
665.75,0.763269553
666.0,0.762922065
666.25,0.762657586
666.5,0.76239314
666.75,0.762128728
667.0,0.761864349
667.25,0.761745446
667.5,0.761626536
667.75,0.761507619
668.0,0.761388696
668.25,0.761315946
668.5,0.761243174
668.75,0.76117038
669.0,0.761097564
669.25,0.761030624
669.5,0.760963664
669.75,0.760896683
670.0,0.760829682
670.25,0.76058864
670.5,0.760347636
670.75,0.760106671
671.0,0.759865744
671.25,0.759761952
671.5,0.759658117
671.75,0.759554239
672.0,0.759450319
672.25,0.759028178
672.5,0.758606154
672.75,0.758184247
673.0,0.757762457
673.25,0.757484755
673.5,0.757207068
673.75,0.756929396
674.0,0.756651739
674.25,0.756405862
674.5,0.756159988
674.75,0.755914119
675.0,0.755668254
675.25,0.755458397
675.5,0.755248517
675.75,0.755038613
676.0,0.754828687
676.25,0.754474047
676.5,0.754119451
676.75,0.753764899
677.0,0.75341039
677.25,0.753002137
677.5,0.752593975
677.75,0.752185904
678.0,0.751777923
678.25,0.751389467
678.5,0.7510011
678.75,0.750612823
679.0,0.750224634
679.25,0.74990208
679.5,0.749579558
679.75,0.749257068
680.0,0.748934611
680.25,0.748675485
680.5,0.748416387
680.75,0.748157318
681.0,0.747898276
681.25,0.747629407
681.5,0.747360553
681.75,0.747091714
682.0,0.74682289
682.25,0.746519428
682.5,0.746216006
682.75,0.745912624
683.0,0.745609282
683.25,0.745388292
683.5,0.745167328
683.75,0.74494639
684.0,0.744725476
684.25,0.74456149
684.5,0.744397523
684.75,0.744233573
685.0,0.744069641
685.25,0.743916955
685.5,0.743764283
685.75,0.743611627
686.0,0.743458986
686.25,0.743412159
686.5,0.743365332
686.75,0.743318505
687.0,0.743271679
687.25,0.743307593
687.5,0.7433435
687.75,0.7433794
688.0,0.743415294
688.25,0.743327105
688.5,0.743238899
688.75,0.743150676
689.0,0.743062434
689.25,0.743232609
689.5,0.743402803
689.75,0.743573016
690.0,0.743743248
690.25,0.743854859
690.5,0.743966416
690.75,0.744077919
691.0,0.744189367
691.25,0.744132787
691.5,0.744076125
691.75,0.744019382
692.0,0.743962557
692.25,0.744439362
692.5,0.74491632
692.75,0.74539343
693.0,0.745870692
693.25,0.745983523
693.5,0.746096223
693.75,0.746208791
694.0,0.746321228
694.25,0.746642919
694.5,0.74696464
694.75,0.747286392
695.0,0.747608175
695.25,0.747836933
695.5,0.748065595
695.75,0.748294159
696.0,0.748522626
696.25,0.748820076
696.5,0.749117484
696.75,0.749414851
697.0,0.749712175
697.25,0.750001747
697.5,0.750291287
697.75,0.750580794
698.0,0.750870268
698.25,0.751068292
698.5,0.751266139
698.75,0.75146381
699.0,0.751661305
699.25,0.751951701
699.5,0.752242047
699.75,0.752532344
700.0,0.75282259
700.25,0.75309335
700.5,0.753364033
700.75,0.75363464
701.0,0.75390517
701.25,0.754399379
701.5,0.754893743
701.75,0.755388261
702.0,0.755882933
702.25,0.756264998
702.5,0.75664703
702.75,0.75702903
703.0,0.757410998
703.25,0.757473161
703.5,0.757535161
703.75,0.757596996
704.0,0.757658666
704.25,0.757863843
704.5,0.758068957
704.75,0.75827401
705.0,0.758479001
705.25,0.758644586
705.5,0.75881011
705.75,0.758975572
706.0,0.759140971
706.25,0.759469261
706.5,0.759797598
706.75,0.760125981
707.0,0.760454411
707.25,0.760699778
707.5,0.760945175
707.75,0.761190601
708.0,0.761436056
708.25,0.761579611
708.5,0.761723165
708.75,0.76186672
709.0,0.762010275
709.25,0.762108552
709.5,0.76220678
709.75,0.762304961
710.0,0.762403093
710.25,0.762481509
710.5,0.762559901
710.75,0.762638268
711.0,0.762716609
711.25,0.762769123
711.5,0.762821625
711.75,0.762874114
712.0,0.762926591
712.25,0.762960941
712.5,0.762995285
712.75,0.763029624
713.0,0.763063958
713.25,0.76304278
713.5,0.763021589
713.75,0.763000383
714.0,0.762979164
714.25,0.763098719
714.5,0.763218283
714.75,0.763337856
715.0,0.763457438
715.25,0.763505558
715.5,0.763553651
715.75,0.763601715
716.0,0.763649752
716.25,0.763632531
716.5,0.763615294
716.75,0.763598041
717.0,0.763580772
717.25,0.76369921
717.5,0.763817657
717.75,0.763936113
718.0,0.764054578
718.25,0.764019422
718.5,0.763984266
718.75,0.76394911
719.0,0.763913954
719.25,0.763732794
719.5,0.763551562
719.75,0.763370259
720.0,0.763188884
720.25,0.76346331
720.5,0.763737786
720.75,0.764012311
721.0,0.764286885
721.25,0.76433764
721.5,0.764388392
721.75,0.76443914
722.0,0.764489884
722.25,0.764659048
722.5,0.764828218
722.75,0.764997394
723.0,0.765166577
723.25,0.764920235
723.5,0.764673874
723.75,0.764427495
724.0,0.764181097
724.25,0.764383184
724.5,0.764585296
724.75,0.764787432
725.0,0.764989592
725.25,0.764831564
725.5,0.76467342
725.75,0.764515163
726.0,0.764356791
726.25,0.764512446
726.5,0.764668114
726.75,0.764823795
727.0,0.764979489
727.25,0.765250886
727.5,0.76552233
727.75,0.765793821
728.0,0.76606536
728.25,0.766052171
728.5,0.766038978
728.75,0.766025779
729.0,0.766012574
729.25,0.766139881
729.5,0.766267197
729.75,0.766394519
730.0,0.76652185
730.25,0.76641551
730.5,0.766309105
730.75,0.766202637
731.0,0.766096105
731.25,0.766148029
731.5,0.766199948
731.75,0.766251862
732.0,0.766303771
732.25,0.766162804
732.5,0.766021836
732.75,0.765880867
733.0,0.765739898
733.25,0.76567142
733.5,0.765602933
733.75,0.765534436
734.0,0.76546593
734.25,0.765356433
734.5,0.765246939
734.75,0.76513745
735.0,0.765027966
735.25,0.76507967
735.5,0.765131376
735.75,0.765183084
736.0,0.765234793
736.25,0.765154444
736.5,0.765074097
736.75,0.764993754
737.0,0.764913412
737.25,0.764641022
737.5,0.764368645
737.75,0.764096281
738.0,0.763823929
738.25,0.763534756
738.5,0.763245618
738.75,0.762956515
739.0,0.762667447
739.25,0.762431819
739.5,0.762196226
739.75,0.761960669
740.0,0.761725145
740.25,0.761612054
740.5,0.76149897
740.75,0.761385894
741.0,0.761272826
741.25,0.76105407
741.5,0.760835344
741.75,0.76061665
742.0,0.760397987
742.25,0.760115637
742.5,0.759833322
742.75,0.759551044
743.0,0.759268801
743.25,0.759090896
743.5,0.758913012
743.75,0.758735148
744.0,0.758557305
744.25,0.75821276
744.5,0.757868271
744.75,0.757523838
745.0,0.757179462
745.25,0.757025147
745.5,0.756870847
745.75,0.756716562
746.0,0.756562293
746.25,0.756349839
746.5,0.756137401
746.75,0.755924979
747.0,0.755712573
747.25,0.755371919
747.5,0.755031244
747.75,0.754690549
748.0,0.754349834
748.25,0.754112564
748.5,0.753875321
748.75,0.753638105
749.0,0.753400916
749.25,0.753242565
749.5,0.753084224
749.75,0.752925893
750.0,0.752767573
750.25,0.752433193
750.5,0.752098857
750.75,0.751764564
751.0,0.751430314
751.25,0.751150198
751.5,0.750870074
751.75,0.750589941
752.0,0.750309801
752.25,0.750290668
752.5,0.75027153
752.75,0.750252389
753.0,0.750233242
753.25,0.750061655
753.5,0.749890052
753.75,0.749718433
754.0,0.749546799
754.25,0.749272136
754.5,0.748997307
754.75,0.748722309
755.0,0.748447144
755.25,0.748293399
755.5,0.748139624
755.75,0.747985819
756.0,0.747831984
756.25,0.747600827
756.5,0.747369642
756.75,0.747138427
757.0,0.746907184
757.25,0.746731752
757.5,0.746556301
757.75,0.746380832
758.0,0.746205344
758.25,0.746010407
758.5,0.745815388
758.75,0.745620287
759.0,0.745425103
759.25,0.745423935
759.5,0.745422751
759.75,0.745421553
760.0,0.745420339
760.25,0.745192407
760.5,0.744964424
760.75,0.744736391
761.0,0.744508307
761.25,0.744199185
761.5,0.743889962
761.75,0.74358064
762.0,0.743271218
762.25,0.743009537
762.5,0.742747834
762.75,0.742486107
763.0,0.742224356
763.25,0.741938921
763.5,0.741653379
763.75,0.74136773
764.0,0.741081974
764.25,0.740823323
764.5,0.740564636
764.75,0.740305913
765.0,0.740047153
765.25,0.739784619
765.5,0.739522062
765.75,0.739259482
766.0,0.738996878
766.25,0.738808087
766.5,0.738619308
766.75,0.738430541
767.0,0.738241786
767.25,0.7376687
767.5,0.737095669
767.75,0.736522691
768.0,0.735949767
768.25,0.735867068
768.5,0.735784348
768.75,0.735701608
769.0,0.735618846
769.25,0.735293707
769.5,0.734968565
769.75,0.73464342
770.0,0.734318273
770.25,0.733741094
770.5,0.733164046
770.75,0.732587129
771.0,0.732010342
771.25,0.731677944
771.5,0.731345549
771.75,0.731013158
772.0,0.730680771
772.25,0.730376993
772.5,0.73007317
772.75,0.729769304
773.0,0.729465394
773.25,0.728873409
773.5,0.728281496
773.75,0.727689657
774.0,0.72709789
774.25,0.726636708
774.5,0.726175636
774.75,0.725714674
775.0,0.725253823
775.25,0.724855821
775.5,0.724457849
775.75,0.724059908
776.0,0.723661996
776.25,0.723394894
776.5,0.723127834
776.75,0.722860816
777.0,0.722593839
777.25,0.722043515
777.5,0.721493254
777.75,0.720943056
778.0,0.720392922
778.25,0.719734848
778.5,0.719076934
778.75,0.718419182
779.0,0.71776159
779.25,0.717505708
779.5,0.717249869
779.75,0.716994075
780.0,0.716738324
780.25,0.716234074
780.5,0.715729954
780.75,0.715225966
781.0,0.714722108
781.25,0.714068135
781.5,0.713414167
781.75,0.712760205
782.0,0.712106249
782.25,0.711661082
782.5,0.711215935
782.75,0.710770807
783.0,0.7103257
783.25,0.710020296
783.5,0.709714952
783.75,0.709409669
784.0,0.709104447
784.25,0.708708503
784.5,0.708312613
784.75,0.707916777
785.0,0.707520994
785.25,0.706918318
785.5,0.706315836
785.75,0.705713548
786.0,0.705111455
786.25,0.704687891
786.5,0.704264358
786.75,0.703840856
787.0,0.703417385
787.25,0.70279515
787.5,0.702173115
787.75,0.701551281
788.0,0.700929648
788.25,0.700393574
788.5,0.699857599
788.75,0.699321723
789.0,0.698785946
789.25,0.698417698
789.5,0.698049437
789.75,0.697681161
790.0,0.697312872
790.25,0.696856631
790.5,0.696400442
790.75,0.695944305
791.0,0.69548822
791.25,0.694902084
791.5,0.694316005
791.75,0.693729983
792.0,0.693144019
792.25,0.692638766
792.5,0.692133587
792.75,0.69162848
793.0,0.691123447
793.25,0.690717417
793.5,0.690311393
793.75,0.689905376
794.0,0.689499364
794.25,0.68907257
794.5,0.688645887
794.75,0.688219314
795.0,0.687792851
795.25,0.687346147
795.5,0.686899362
795.75,0.686452496
796.0,0.686005549
796.25,0.68556698
796.5,0.685128422
796.75,0.684689876
797.0,0.684251341
797.25,0.683737844
797.5,0.683224258
797.75,0.682710582
798.0,0.682196816
798.25,0.682042363
798.5,0.681887718
798.75,0.681732883
799.0,0.681577857
799.25,0.681111973
799.5,0.680646119
799.75,0.680180294
800.0,0.679714499
800.25,0.679366581
800.5,0.679018614
800.75,0.6786706
801.0,0.678322537
801.25,0.677927402
801.5,0.677532013
801.75,0.67713637
802.0,0.676740474
802.25,0.676282091
802.5,0.675823535
802.75,0.675364805
803.0,0.6749059
803.25,0.67450088
803.5,0.674095843
803.75,0.67369079
804.0,0.673285721
804.25,0.673076187
804.5,0.672866481
804.75,0.672656605
805.0,0.672446558
805.25,0.672228215
805.5,0.672009791
805.75,0.671791286
806.0,0.6715727
806.25,0.671094453
806.5,0.670616123
806.75,0.670137711
807.0,0.669659216
807.25,0.669516603
807.5,0.669373838
807.75,0.669230922
808.0,0.669087854
808.25,0.66885631
808.5,0.668624277
808.75,0.668391754
809.0,0.668158742
809.25,0.667794588
809.5,0.667430452
809.75,0.667066335
810.0,0.666702237
810.25,0.666432054
810.5,0.666161546
810.75,0.665890712
811.0,0.665619552
811.25,0.665394575
811.5,0.665169486
811.75,0.664944284
812.0,0.664718969
812.25,0.664079929
812.5,0.663440735
812.75,0.662801387
813.0,0.662161886
813.25,0.661673165
813.5,0.661184279
813.75,0.660695229
814.0,0.660206013
814.25,0.659997098
814.5,0.659788056
814.75,0.659578888
815.0,0.659369592
815.25,0.659130191
815.5,0.658890694
815.75,0.658651101
816.0,0.658411413
816.25,0.658119748
816.5,0.657827873
816.75,0.657535787
817.0,0.657243492
817.25,0.656588924
817.5,0.655934427
817.75,0.655280001
818.0,0.654625646
818.25,0.654228581
818.5,0.653831326
818.75,0.653433882
819.0,0.653036249
819.25,0.652747435
819.5,0.652458528
819.75,0.652169526
820.0,0.651880431
820.25,0.651188091
820.5,0.650495896
820.75,0.649803846
821.0,0.649111939
821.25,0.648579151
821.5,0.648046228
821.75,0.64751317
822.0,0.646979977
822.25,0.646356753
822.5,0.645733657
822.75,0.64511069
823.0,0.644487851
823.25,0.643840206
823.5,0.64319263
823.75,0.642545123
824.0,0.641897685
824.25,0.641595602
824.5,0.641293528
824.75,0.640991464
825.0,0.640689409
825.25,0.640050718
825.5,0.639412166
825.75,0.638773754
826.0,0.638135482
826.25,0.637594409
826.5,0.637053465
826.75,0.63651265
827.0,0.635971964
827.25,0.635473462
827.5,0.634975003
827.75,0.634476587
828.0,0.633978215
828.25,0.63344643
828.5,0.632914775
828.75,0.632383247
829.0,0.631851848
829.25,0.631244267
829.5,0.630636762
829.75,0.630029333
830.0,0.629421978
830.25,0.628787022
830.5,0.628152196
830.75,0.627517501
831.0,0.626882935
831.25,0.626367294
831.5,0.625851798
831.75,0.625336446
832.0,0.62482124
832.25,0.624106186
832.5,0.623391355
832.75,0.622676746
833.0,0.62196236
833.25,0.621271242
833.5,0.620580118
833.75,0.619888988
834.0,0.619197852
834.25,0.618642712
834.5,0.618087577
834.75,0.617532447
835.0,0.616977322
835.25,0.616221559
835.5,0.615465976
835.75,0.614710574
836.0,0.613955352
836.25,0.613937918
836.5,0.613920385
836.75,0.613902751
837.0,0.613885017
837.25,0.613105283
837.5,0.612325729
837.75,0.611546356
838.0,0.610767164
838.25,0.610269676
838.5,0.609771706
838.75,0.609273254
839.0,0.608774321
839.25,0.607914093
839.5,0.607054267
839.75,0.606194844
840.0,0.605335823
840.25,0.60477741
840.5,0.60421875
840.75,0.603659844
841.0,0.603100692
841.25,0.602754075
841.5,0.60240703
841.75,0.602059557
842.0,0.601711655
842.25,0.600843973
842.5,0.59997644
842.75,0.599109057
843.0,0.598241823
843.25,0.597474917
843.5,0.596706953
843.75,0.595937931
844.0,0.595167852
844.25,0.594932437
844.5,0.594696769
844.75,0.594460847
845.0,0.59422467
845.25,0.593918002
845.5,0.593610642
845.75,0.593302592
846.0,0.59299385
846.25,0.592632105
846.5,0.592269958
846.75,0.591907408
847.0,0.591544455
847.25,0.591243789
847.5,0.590942443
847.75,0.590640417
848.0,0.590337711
848.25,0.586532922
848.5,0.582736944
848.75,0.578949778
849.0,0.575171424
849.25,0.575176973
849.5,0.57518213
849.75,0.575186894
850.0,0.575191267
850.25,0.574605014
850.5,0.57401751
850.75,0.573428754
851.0,0.572838747
851.25,0.572218435
851.5,0.57159783
851.75,0.570976932
852.0,0.570355741
852.25,0.570073802
852.5,0.569791405
852.75,0.569508549
853.0,0.569225234
853.25,0.568376252
853.5,0.567526799
853.75,0.566676876
854.0,0.565826483
854.25,0.565532183
854.5,0.565237088
854.75,0.564941197
855.0,0.56464451
855.25,0.563907418
855.5,0.563169725
855.75,0.56243143
856.0,0.561692533
856.25,0.561052233
856.5,0.560411233
856.75,0.559769533
857.0,0.559127134
857.25,0.558810498
857.5,0.558493475
857.75,0.558176064
858.0,0.557858267
858.25,0.557181231
858.5,0.556503844
858.75,0.555826106
859.0,0.555148018
859.25,0.554517597
859.5,0.553886421
859.75,0.553254491
860.0,0.552621806
860.25,0.552044671
860.5,0.55146719
860.75,0.550889363
861.0,0.550311188
861.25,0.549279859
861.5,0.548248323
861.75,0.547216581
862.0,0.546184633
862.25,0.545611421
862.5,0.545037643
862.75,0.544463299
863.0,0.543888391
863.25,0.543149111
863.5,0.542409597
863.75,0.541669847
864.0,0.540929862
864.25,0.540295469
864.5,0.539661064
864.75,0.539026649
865.0,0.538392222
865.25,0.537461879
865.5,0.536531326
865.75,0.535600563
866.0,0.53466959
866.25,0.534057358
866.5,0.533444848
866.75,0.532832059
867.0,0.53221899
867.25,0.5318781
867.5,0.531537257
867.75,0.531196462
868.0,0.530855714
868.25,0.529819665
868.5,0.528783285
868.75,0.527746573
869.0,0.526709531
869.25,0.525572058
869.5,0.524434406
869.75,0.523296574
870.0,0.522158562
870.25,0.521486916
870.5,0.520815458
870.75,0.52014419
871.0,0.519473111
871.25,0.518578819
871.5,0.517684731
871.75,0.516790849
872.0,0.515897172
872.25,0.514493712
872.5,0.513090195
872.75,0.511686622
873.0,0.510282991
873.25,0.509633182
873.5,0.508983517
873.75,0.508333997
874.0,0.507684622
874.25,0.506767995
874.5,0.505851406
874.75,0.504934853
875.0,0.504018337
875.25,0.503049131
875.5,0.502080083
875.75,0.501111193
876.0,0.500142459
876.25,0.499389013
876.5,0.498635818
876.75,0.497882876
877.0,0.497130187
877.25,0.495960379
877.5,0.494790493
877.75,0.493620528
878.0,0.492450484
878.25,0.491947644
878.5,0.491444924
878.75,0.490942324
879.0,0.490439844
879.25,0.489471879
879.5,0.48850426
879.75,0.487536988
880.0,0.486570061
880.25,0.485366433
880.5,0.484162772
880.75,0.48295908
881.0,0.481755355
881.25,0.481075177
881.5,0.480395028
881.75,0.479714909
882.0,0.47903482
882.25,0.477937322
882.5,0.476839654
882.75,0.475741817
883.0,0.474643811
883.25,0.473830599
883.5,0.473017735
883.75,0.47220522
884.0,0.471393053
884.25,0.470756167
884.5,0.47011911
884.75,0.469481883
885.0,0.468844486
885.25,0.467726274
885.5,0.466607727
885.75,0.465488843
886.0,0.464369624
886.25,0.463718481
886.5,0.463067501
886.75,0.462416683
887.0,0.461766028
887.25,0.46076218
887.5,0.459758085
887.75,0.458753741
888.0,0.45774915
888.25,0.456871657
888.5,0.455993951
888.75,0.455116029
889.0,0.454237892
889.25,0.453753919
889.5,0.453269956
889.75,0.452786004
890.0,0.452302063
890.25,0.451338699
890.5,0.450375238
890.75,0.449411679
891.0,0.448448022
891.25,0.447870672
891.5,0.447293177
891.75,0.446715539
892.0,0.446137758
892.25,0.445622165
892.5,0.445106463
892.75,0.444590654
893.0,0.444074736
893.25,0.442897836
893.5,0.441720918
893.75,0.440543982
894.0,0.439367028
894.25,0.438928004
894.5,0.438488737
894.75,0.438049227
895.0,0.437609475
895.25,0.436807979
895.5,0.4360064
895.75,0.435204736
896.0,0.434402988
896.25,0.433313253
896.5,0.432223234
896.75,0.431132931
897.0,0.430042345
897.25,0.429454267
897.5,0.428866034
897.75,0.428277648
898.0,0.427689107
898.25,0.427047394
898.5,0.426405615
898.75,0.42576377
899.0,0.42512186
899.25,0.42424844
899.5,0.423374912
899.75,0.422501276
900.0,0.421627532
900.25,0.420927299
900.5,0.420226792
900.75,0.419526012
901.0,0.418824958
901.25,0.418123141
901.5,0.417421241
901.75,0.416719256
902.0,0.416017188
902.25,0.415220307
902.5,0.414423247
902.75,0.413626009
903.0,0.412828592
903.25,0.41201953
903.5,0.411210292
903.75,0.410400877
904.0,0.409591286
904.25,0.408908451
904.5,0.408225574
904.75,0.407542655
905.0,0.406859693
905.25,0.405900867
905.5,0.404942053
905.75,0.40398325
906.0,0.403024458
906.25,0.402502871
906.5,0.401981256
906.75,0.401459612
907.0,0.400937939
907.25,0.400401221
907.5,0.399864441
907.75,0.399327599
908.0,0.398790695
908.25,0.397762201
908.5,0.396733448
908.75,0.395704436
909.0,0.394675165
909.25,0.394118983
909.5,0.393562954
909.75,0.393007079
910.0,0.392451357
910.25,0.391939639
910.5,0.39142783
910.75,0.39091593
911.0,0.39040394
911.25,0.389501141
911.5,0.388598469
911.75,0.387695924
912.0,0.386793505
912.25,0.386440357
912.5,0.386087196
912.75,0.385734022
913.0,0.385380835
913.25,0.38449127
913.5,0.38360171
913.75,0.382712155
914.0,0.381822605
914.25,0.380901927
914.5,0.379981321
914.75,0.379060787
915.0,0.378140325
915.25,0.37778947
915.5,0.377438696
915.75,0.377088002
916.0,0.376737389
916.25,0.375666352
916.5,0.374595296
916.75,0.373524221
917.0,0.372453127
917.25,0.371706344
917.5,0.370959693
917.75,0.370213173
918.0,0.369466785
918.25,0.36921188
918.5,0.368956989
918.75,0.368702112
919.0,0.368447248
919.25,0.36726577
919.5,0.366084295
919.75,0.364902825
920.0,0.363721358
920.25,0.363061908
920.5,0.362402611
920.75,0.361743468
921.0,0.361084477
921.25,0.360764177
921.5,0.360443881
921.75,0.360123589
922.0,0.359803302
922.25,0.358628862
922.5,0.35745469
922.75,0.356280786
923.0,0.35510715
923.25,0.354567613
923.5,0.354028178
923.75,0.353488843
924.0,0.35294961
924.25,0.35240233
924.5,0.351855012
924.75,0.351307656
925.0,0.350760261
925.25,0.349738814
925.5,0.348717409
925.75,0.347696047
926.0,0.346674726
926.25,0.346252907
926.5,0.345831113
926.75,0.345409344
927.0,0.3449876
927.25,0.344362633
927.5,0.343737637
927.75,0.343112611
928.0,0.342487557
928.25,0.341508815
928.5,0.340530119
928.75,0.339551467
929.0,0.33857286
929.25,0.338050076
929.5,0.337527306
929.75,0.337004552
930.0,0.336481813
930.25,0.33581181
930.5,0.335141817
930.75,0.334471834
931.0,0.333801863
931.25,0.332915407
931.5,0.332028931
931.75,0.331142434
932.0,0.330255916
932.25,0.329639139
932.5,0.329022317
932.75,0.328405452
933.0,0.327788543
933.25,0.327062763
933.5,0.326336972
933.75,0.325611169
934.0,0.324885355
934.25,0.324202973
934.5,0.323520647
934.75,0.322838378
935.0,0.322156166
935.25,0.321413298
935.5,0.320670339
935.75,0.319927288
936.0,0.319184146
936.25,0.318395191
936.5,0.317606343
936.75,0.316817602
937.0,0.316028967
937.25,0.315391025
937.5,0.314753141
937.75,0.314115315
938.0,0.313477547
938.25,0.312466599
938.5,0.311455743
938.75,0.310444977
939.0,0.309434303
939.25,0.30869387
939.5,0.307953388
939.75,0.307212859
940.0,0.306472281
940.25,0.305819926
940.5,0.305167686
940.75,0.304515562
941.0,0.303863555
941.25,0.302737515
941.5,0.30161139
941.75,0.30048518
942.0,0.299358885
942.25,0.298745853
942.5,0.298132835
942.75,0.297519831
943.0,0.296906841
943.25,0.296449865
943.5,0.295992724
943.75,0.295535419
944.0,0.295077951
944.25,0.293862605
944.5,0.292647056
944.75,0.291431306
945.0,0.290215354
945.25,0.289531289
945.5,0.288847003
945.75,0.288162497
946.0,0.287477771
946.25,0.286987342
946.5,0.286496766
946.75,0.286006042
947.0,0.285515171
947.25,0.284288748
947.5,0.283062021
947.75,0.281834989
948.0,0.280607653
948.25,0.2798772
948.5,0.279146534
948.75,0.278415654
949.0,0.277684561
949.25,0.277221164
949.5,0.276757589
949.75,0.276293837
950.0,0.275829908
950.25,0.274766994
950.5,0.273703816
950.75,0.272640374
951.0,0.271576668
951.25,0.27060659
951.5,0.269636296
951.75,0.268665785
952.0,0.267695057
952.25,0.267012973
952.5,0.266330667
952.75,0.265648141
953.0,0.264965393
953.25,0.263817775
953.5,0.26267
953.75,0.261522067
954.0,0.260373978
954.25,0.25945339
954.5,0.258532547
954.75,0.25761145
955.0,0.256690098
955.25,0.256038462
955.5,0.255386773
955.75,0.254735031
956.0,0.254083235
956.25,0.253029325
956.5,0.251975248
956.75,0.250921005
957.0,0.249866595
957.25,0.248914839
957.5,0.247962926
957.75,0.247010856
958.0,0.246058629
958.25,0.245129271
958.5,0.244199824
958.75,0.24327029
959.0,0.242340668
959.25,0.241314374
959.5,0.240288043
959.75,0.239261675
960.0,0.238235271
960.25,0.237333324
960.5,0.236431382
960.75,0.235529445
961.0,0.234627513
961.25,0.233539955
961.5,0.232452401
961.75,0.231364851
962.0,0.230277306
962.25,0.229212271
962.5,0.228147216
962.75,0.227082141
963.0,0.226017045
963.25,0.225207917
963.5,0.224398804
963.75,0.223589704
964.0,0.222780617
964.25,0.221571177
964.5,0.220361847
964.75,0.21915263
965.0,0.217943524
965.25,0.216864249
965.5,0.21578487
965.75,0.214705388
966.0,0.213625802
966.25,0.212871179
966.5,0.212116617
966.75,0.211362117
967.0,0.210607679
967.25,0.209381062
967.5,0.208154501
967.75,0.206927996
968.0,0.205701548
968.25,0.204565845
968.5,0.203430279
968.75,0.202294849
969.0,0.201159555
969.25,0.200444752
969.5,0.199729962
969.75,0.199015185
970.0,0.198300422
970.25,0.197119898
970.5,0.195939514
970.75,0.194759269
971.0,0.193579165
971.25,0.192397831
971.5,0.19121646
971.75,0.190035052
972.0,0.188853606
972.25,0.188178525
972.5,0.187503464
972.75,0.186828424
973.0,0.186153404
973.25,0.185055817
973.5,0.183958244
973.75,0.182860685
974.0,0.18176314
974.25,0.180445096
974.5,0.179127221
974.75,0.177809512
975.0,0.176491972
975.25,0.175796952
975.5,0.175101928
975.75,0.174406899
976.0,0.173711865
976.25,0.172773898
976.5,0.171835913
976.75,0.170897909
977.0,0.169959887
977.25,0.168611032
977.5,0.167262197
977.75,0.165913381
978.0,0.164564585
978.25,0.163743073
978.5,0.162921577
978.75,0.162100098
979.0,0.161278636
979.25,0.160488001
979.5,0.159697379
979.75,0.158906769
980.0,0.158116173
980.25,0.156858963
980.5,0.155601664
980.75,0.154344276
981.0,0.153086798
981.25,0.152126025
981.5,0.151165188
981.75,0.150204288
982.0,0.149243326
982.25,0.148582068
982.5,0.147920828
982.75,0.147259606
983.0,0.146598402
983.25,0.145489757
983.5,0.14438103
983.75,0.143272221
984.0,0.14216333
984.25,0.140971961
984.5,0.139780622
984.75,0.138589313
985.0,0.137398034
985.25,0.136768398
985.5,0.136138737
985.75,0.135509051
986.0,0.13487934
986.25,0.133953875
986.5,0.133028345
986.75,0.13210275
987.0,0.131177089
987.25,0.130049653
987.5,0.128922142
987.75,0.127794555
988.0,0.126666891
988.25,0.12590329
988.5,0.125139657
988.75,0.124375995
989.0,0.123612302
989.25,0.122883121
989.5,0.122153819
989.75,0.121424396
990.0,0.120694851
990.25,0.119676263
990.5,0.118657618
990.75,0.117638916
991.0,0.116620156
991.25,0.115693994
991.5,0.11476777
991.75,0.113841484
992.0,0.112915135
992.25,0.112284381
992.5,0.111653572
992.75,0.111022708
993.0,0.11039179
993.25,0.109488698
993.5,0.108585533
993.75,0.107682297
994.0,0.106778987
994.25,0.105852274
994.5,0.104925462
994.75,0.103998549
995.0,0.103071537
995.25,0.102488238
995.5,0.101904929
995.75,0.101321609
996.0,0.100738278
996.25,0.0999568252
996.5,0.0991753287
996.75,0.0983937882
997.0,0.0976122037
997.25,0.0967559357
997.5,0.0958996517
997.75,0.0950433517
998.0,0.0941870357
998.25,0.0935427795
998.5,0.0928984899
998.75,0.0922541668
999.0,0.0916098103
999.25,0.0909042535
999.5,0.0901986276
999.75,0.0894929325
1000.0,0.0887871681
1000.25,0.0880146675
1000.5,0.0872421674
1000.75,0.0864696677
1001.0,0.0856971684
1001.25,0.0851122193
1001.5,0.0845272623
1001.75,0.0839422975
1002.0,0.083357325
1002.25,0.082711507
1002.5,0.0820656648
1002.75,0.0814197984
1003.0,0.0807739079
1003.25,0.0800524067
1003.5,0.0793308982
1003.75,0.0786093824
1004.0,0.0778878592
1004.25,0.0773397976
1004.5,0.0767917454
1004.75,0.0762437026
1005.0,0.0756956693
1005.25,0.0751817435
1005.5,0.0746678086
1005.75,0.0741538649
1006.0,0.0736399122
1006.25,0.0729363384
1006.5,0.0722328071
1006.75,0.0715293183
1007.0,0.0708258719
1007.25,0.0702588398
1007.5,0.0696917794
1007.75,0.0691246909
1008.0,0.0685575742
1008.25,0.0681799599
1008.5,0.0678023533
1008.75,0.0674247541
1009.0,0.0670471626
1009.25,0.0664016278
1009.5,0.0657561107
1009.75,0.0651106112
1010.0,0.0644651292
1010.25,0.0638690077
1010.5,0.0632729187
1010.75,0.0626768622
1011.0,0.0620808384
1011.25,0.0617592208
1011.5,0.0614376076
1011.75,0.0611159989
1012.0,0.0607943946
1012.25,0.0602929653
1012.5,0.0597915449
1012.75,0.0592901335
1013.0,0.0587887311
1013.25,0.0581780129
1013.5,0.0575673082
1013.75,0.0569566169
1014.0,0.056345939
1014.25,0.0559650895
1014.5,0.0555842511
1014.75,0.055203424
1015.0,0.054822608
1015.25,0.0544815039
1015.5,0.0541404254
1015.75,0.0537993725
1016.0,0.0534583452
1016.25,0.0528659163
1016.5,0.0522735166
1016.75,0.051681146
1017.0,0.0510888045
1017.25,0.0506408018
1017.5,0.0501928305
1017.75,0.0497448906
1018.0,0.049296982
1018.25,0.0490517851
1018.5,0.0488065833
1018.75,0.0485613766
1019.0,0.048316165
1019.25,0.0478731389
1019.5,0.0474301287
1019.75,0.0469871345
1020.0,0.0465441561
1020.25,0.046020898
1020.5,0.0454976432
1020.75,0.0449743916
1021.0,0.0444511432
1021.25,0.0441693273
1021.5,0.0438875383
1021.75,0.043605776
1022.0,0.0433240405
1022.25,0.0430058934
1022.5,0.0426877361
1022.75,0.0423695686
1023.0,0.0420513911
1023.25,0.0415710069
1023.5,0.041090645
1023.75,0.0406103053
1024.0,0.0401299879
1024.25,0.0397196917
1024.5,0.0393093928
1024.75,0.038899091
1025.0,0.0384887864
1025.25,0.0382603194
1025.5,0.0380318653
1025.75,0.037803424
1026.0,0.0375749955
1026.25,0.0371895544
1026.5,0.0368041095
1026.75,0.0364186609
1027.0,0.0360332085
1027.25,0.0355983144
1027.5,0.0351634152
1027.75,0.0347285108
1028.0,0.0342936013
1028.25,0.0340272199
1028.5,0.0337608374
1028.75,0.0334944537
1029.0,0.0332280687
1029.25,0.0329436635
1029.5,0.0326592574
1029.75,0.0323748504
1030.0,0.0320904424
1030.25,0.0316885209
1030.5,0.0312865793
1030.75,0.0308846178
1031.0,0.0304826363
1031.25,0.0301386796
1031.5,0.0297947247
1031.75,0.0294507715
1032.0,0.02910682
1032.25,0.0288939993
1032.5,0.0286811751
1032.75,0.0284683472
1033.0,0.0282555158
1033.25,0.0279227742
1033.5,0.0275900478
1033.75,0.0272573368
1034.0,0.0269246411
1034.25,0.0265676119
1034.5,0.0262105553
1034.75,0.0258534712
1035.0,0.0254963597
1035.25,0.0252434648
1035.5,0.0249905433
1035.75,0.0247375951
1036.0,0.0244846203
1036.25,0.0242342618
1036.5,0.0239839038
1036.75,0.0237335462
1037.0,0.0234831891
1037.25,0.023149897
1037.5,0.022816592
1037.75,0.0224832741
1038.0,0.0221499433
1038.25,0.0218622943
1038.5,0.0215746273
1038.75,0.0212869422
1039.0,0.0209992391
1039.25,0.0208115766
1039.5,0.0206238829
1039.75,0.020436158
1040.0,0.0202484019
1040.25,0.0199744056
1040.5,0.0197004138
1040.75,0.0194264266
1041.0,0.0191524439
1041.25,0.0188599633
1041.5,0.0185674463
1041.75,0.0182748928
1042.0,0.0179823029
1042.25,0.0177668806
1042.5,0.0175514607
1042.75,0.0173360431
1043.0,0.017120628
1043.25,0.0169258565
1043.5,0.0167310764
1043.75,0.0165362876
1044.0,0.0163414901
1044.25,0.0160727901
1044.5,0.0158040799
1044.75,0.0155353594
1045.0,0.0152666287
1045.25,0.0150241477
1045.5,0.0147816625
1045.75,0.0145391732
1046.0,0.0142966798
1046.25,0.0141530944
1046.5,0.0140094849
1046.75,0.0138658511
1047.0,0.013722193
1047.25,0.0135143935
1047.5,0.0133065893
1047.75,0.0130987805
1048.0,0.012890967
1048.25,0.0126544458
1048.5,0.0124179371
1048.75,0.0121814407
1049.0,0.0119449567
1049.25,0.0117672293
1049.5,0.0115894944
1049.75,0.0114117522
1050.0,0.0112340025
1050.25,0.0111076617
1050.5,0.0109813016
1050.75,0.0108549223
1051.0,0.0107285236
1051.25,0.0105329383
1051.5,0.0103373603
1051.75,0.0101417897
1052.0,0.00994622637
1052.25,0.00975732582
1052.5,0.00956842344
1052.75,0.00937951922
1053.0,0.00919061318
1053.25,0.00907143057
1053.5,0.00895224472
1053.75,0.00883305561
1054.0,0.00871386326
1054.25,0.00859330059
1054.5,0.00847273817
1054.75,0.00835217602
1055.0,0.00823161411
1055.25,0.00806043948
1055.5,0.00788925486
1055.75,0.00771806024
1056.0,0.00754685562
1056.25,0.00740081233
1056.5,0.0072547658
1056.75,0.00710871603
1057.0,0.00696266303
1057.25,0.00689075874
1057.5,0.0068188482
1057.75,0.00674693142
1058.0,0.0066750084
1058.25,0.00656390334
1058.5,0.00645281129
1058.75,0.00634173225
1059.0,0.00623066621
1059.25,0.0060907626
1059.5,0.00595086377
1059.75,0.0058109697
1060.0,0.00567108039
1060.25,0.00557198573
1060.5,0.0054728842
1060.75,0.0053737758
1061.0,0.00527466054
1061.25,0.0052239024
1061.5,0.00517314527
1061.75,0.00512238914
1062.0,0.00507163401
1062.25,0.00497154861
1062.5,0.00487145911
1062.75,0.00477136552
1063.0,0.00467126783
1063.25,0.00456663836
1063.5,0.00446201431
1063.75,0.00435739568
1064.0,0.00425278245
1064.25,0.00419271454
1064.5,0.00413264121
1064.75,0.00407256245
1065.0,0.00401247827
1065.25,0.00397114761
1065.5,0.00392981783
1065.75,0.00388848893
1066.0,0.00384716091
1066.25,0.00376868555
1066.5,0.0036902143
1066.75,0.00361174717
1067.0,0.00353328415
1067.25,0.00345982789
1067.5,0.00338637306
1067.75,0.00331291967
1068.0,0.00323946771
1068.25,0.00320891563
1068.5,0.00317836233
1068.75,0.0031478078
1069.0,0.00311725203
1069.25,0.00308457404
1069.5,0.00305189654
1069.75,0.00301921952
1070.0,0.00298654299
1070.25,0.00293136666
1070.5,0.002876188
1070.75,0.00282100702
1071.0,0.0027658237
1071.25,0.00272055576
1071.5,0.00267528672
1071.75,0.00263001657
1072.0,0.00258474532
1072.25,0.00257443731
1072.5,0.00256412922
1072.75,0.00255382106
1073.0,0.00254351284
1073.25,0.00252170177
1073.5,0.00249989095
1073.75,0.0024780804
1074.0,0.0024562701
1074.25,0.00242040553
1074.5,0.00238453892
1074.75,0.00234867028
1075.0,0.0023127996
1075.25,0.00229025277
1075.5,0.00226770593
1075.75,0.00224515909
1076.0,0.00222261225
1076.25,0.00222684642
1076.5,0.00223108084
1076.75,0.00223531552
1077.0,0.00223955044
1077.25,0.00222824334
1077.5,0.00221693606
1077.75,0.00220562862
1078.0,0.00219432101
1078.25,0.00217709501
1078.5,0.00215986878
1078.75,0.00214264232
1079.0,0.00212541563
1079.25,0.00212126899
1079.5,0.00211712209
1079.75,0.00211297491
1080.0,0.00210882745
1080.25,0.00211182853
1080.5,0.00211482983
1080.75,0.00211783135
1081.0,0.00212083309
1081.25,0.00211125926
1081.5,0.00210168496
1081.75,0.00209211018
1082.0,0.00208253494
1082.25,0.00207120965
1082.5,0.00205988361
1082.75,0.0020485568
1083.0,0.00203722924
1083.25,0.0020396549
1083.5,0.00204208068
1083.75,0.00204450656
1084.0,0.00204693256
1084.25,0.00206029913
1084.5,0.00207366634
1084.75,0.00208703421
1085.0,0.00210040273
1085.25,0.00210203725
1085.5,0.00210367185
1085.75,0.00210530651
1086.0,0.00210694125
1086.25,0.00210891059
1086.5,0.00211088017
1086.75,0.00211284999
1087.0,0.00211482004
1087.25,0.00212903934
1087.5,0.00214325961
1087.75,0.00215748085
1088.0,0.00217170306
1088.25,0.00219403688
1088.5,0.00221637156
1088.75,0.00223870712
1089.0,0.00226104355
1089.25,0.0022718888
1089.5,0.00228273456
1089.75,0.00229358084
1090.0,0.00230442764
1090.25,0.00231473794
1090.5,0.00232504922
1090.75,0.00233536146
1091.0,0.00234567468
1091.25,0.00236725935
1091.5,0.00238884423
1091.75,0.00241042931
1092.0,0.00243201459
1092.25,0.00245779321
1092.5,0.00248357324
1092.75,0.00250935467
1093.0,0.00253513751
1093.25,0.00255137968
1093.5,0.00256762248
1093.75,0.00258386589
1094.0,0.00260010991
1094.25,0.0026151533
1094.5,0.00263019707
1094.75,0.0026452412
1095.0,0.00266028571
1095.25,0.00268419695
1095.5,0.00270810723
1095.75,0.00273201656
1096.0,0.00275592492
1096.25,0.00278229061
1096.5,0.00280865515
1096.75,0.00283501853
1097.0,0.00286138075
1097.25,0.00287763127
1097.5,0.00289388199
1097.75,0.00291013294
1098.0,0.0029263841
1098.25,0.00294064711
1098.5,0.00295490918
1098.75,0.00296917032
1099.0,0.00298343051
