flux,wave
0.0,90.9
0.0,93.5
0.0,96.1
0.0,97.7
0.0,99.6
0.0,102.0
0.0,103.8
0.0,105.6
0.0,107.7
0.0,110.4
0.0,114.0
0.0,117.8
0.0,121.3
0.0,124.8
0.0,127.1
0.0,128.4
0.0,130.5
0.0,132.4
0.0,133.9
0.0,136.6
0.0,139.8
0.0,143.3
0.0,147.2
0.0,151.0
0.0,155.2
0.0,158.8
0.0,162.0
0.0,166.0
0.0,170.3
0.0,173.4
0.0,176.8
0.0,180.2
0.0,181.7
0.0,186.1
0.0,191.0
0.0,193.9
0.0,198.4
0.0,201.8
0.0,205.0
0.0,210.5
0.0,216.2
0.0,219.8
0.0,223.0
0.0,226.8
0.0,230.0
0.0,234.0
0.0,240.0
0.0,246.5
0.0,252.4
0.0,256.8
0.0,260.0
0.0,264.0
0.0,268.5
0.0,273.5
0.0,278.5
0.0,284.0
0.0,290.0
0.0,296.0
0.0,301.0
0.0,308.0
0.0,318.0
0.0,328.0
0.0,338.0
0.0,348.0
0.0,357.0
0.0,366.0
0.0,375.0
0.0,385.0
0.0,395.0
0.0,405.0
1.4840000379217775e-24,414.0
6.045000125876876e-24,422.0
2.330000086935026e-23,430.0
1.3689999104313167e-22,441.0
6.324000101115012e-22,451.0
2.3600000203417274e-21,460.0
9.578000384143e-21,470.0
3.6510003029340374e-20,480.0
1.314000124799875e-19,490.0
4.47399990158439e-19,500.0
1.2080000000328774e-18,506.0
2.712999993673077e-18,512.0
6.6310001416711036e-18,520.0
1.9589998465008774e-17,530.0
5.459000142900611e-17,540.0
1.478999929146361e-16,550.0
3.8339999459357095e-16,560.0
9.586000354647923e-16,570.0
2.2899999031762086e-15,580.0
5.415999594206629e-15,590.0
1.2280000731356373e-14,600.0
2.7060000265655e-14,610.0
5.796000101072963e-14,620.0
1.2089999899614468e-13,630.0
2.46099992835297e-13,640.0
4.8919999723514e-13,650.0
8.335000514031565e-13,658.0
1.3120000170263562e-12,665.0
2.4689999762470673e-12,675.0
4.551999900996487e-12,685.0
8.227999719283878e-12,695.0
1.4549999981556453e-11,705.0
2.686999945637581e-11,716.0
4.597000290575242e-11,726.0
7.350999748300781e-11,735.0
1.2200000172288752e-10,745.0
1.9949999918113215e-10,755.0
3.2190002382380775e-10,765.0
5.115999910489822e-10,775.0
8.036000443163991e-10,785.0
1.2340000308568328e-09,795.0
1.89900019780702e-09,805.0
2.8819998447164423e-09,815.0
4.312000025265816e-09,825.0
6.383000145119518e-09,835.0
9.347999530545284e-09,845.0
1.3549999803640062e-08,855.0
1.9460001721254875e-08,865.0
2.762000075944131e-08,875.0
3.900000110097391e-08,885.0
5.4499998407409716e-08,895.0
7.546999676888381e-08,905.0
0.00012990000682671805,915.0
0.0004375000159615917,925.0
0.0006152000182892014,935.0
0.0008589999970586207,945.0
0.0012350000454633523,955.0
0.001699000048354808,965.0
0.002318000123732854,975.0
0.0031450001305061543,985.0
0.004232999989559062,995.0
0.005774999775370509,1005.0
0.007679000051612717,1015.0
0.00966399971395993,1025.0
0.013360000816602309,1035.0
0.017470001104361563,1045.0
0.022720000478869934,1055.0
0.029370000798661304,1065.0
0.03782000224862619,1075.0
0.04844999847105223,1085.0
0.06169000163549372,1095.0
0.14100001094532966,1105.0
0.45590001044323286,1115.0
0.6962000647632256,1125.0
1.031999943324723,1135.0
1.3569999638471852,1145.0
1.5440001079998875,1155.0
2.1289999979898546,1165.0
2.6319998558793727,1175.0
2.833000107566363,1185.0
1.6959999576789697,1195.0
1.623000047805642,1205.0
0.6737000017238917,1215.0
2.0480000172728134,1225.0
4.837999970276955,1235.0
9.477000794108717,1245.0
16.120001738525037,1255.0
16.46999944074712,1265.0
22.65000071534105,1275.0
29.440002246112627,1285.0
35.75000137988387,1295.0
35.08000145020949,1305.0
46.93999998766252,1315.0
53.58000235920257,1325.0
60.60000067241158,1335.0
70.74000003267767,1345.0
77.83999653778274,1355.0
87.3399960134022,1365.0
94.8300021608902,1375.0
103.60000156929955,1385.0
116.90000336042264,1395.0
135.60001414504998,1405.0
147.60001138250706,1415.0
162.80000789008713,1425.0
179.7999973554648,1435.0
214.80000225698427,1442.0
208.2000103390191,1447.0
237.40001006119383,1455.0
264.9000086837364,1465.0
274.29997533724696,1475.0
311.29998466312964,1485.0
381.1000081413509,1495.0
439.6000175547409,1505.0
404.2999680061691,1512.0
474.6000105871189,1517.0
579.2000228590786,1525.0
1268.0000588891496,1535.0
1517.999981976018,1545.0
1926.0000185385873,1555.0
1842.0000297888585,1565.0
2730.0001246746974,1575.0
3162.0001112356863,1585.0
3659.999905121089,1595.0
3840.000006248294,1605.0
4230.000046811547,1615.0
4540.000115251709,1625.0
5562.999992096062,1635.0
7106.00040279882,1645.0
4677.000203493809,1655.0
7964.000259553728,1665.0
5595.0002172886625,1672.0
8750.000087302175,1677.0
13509.999681931176,1685.0
18490.00106535527,1695.0
28739.999760162355,1705.0
68850.00384684803,1715.0
90300.00399222191,1725.0
138600.00329840975,1735.0
143499.99856543116,1745.0
234000.01053138112,1755.0
136600.00941009427,1765.0
202300.009680264,1775.0
245099.99228845004,1785.0
394000.0073393518,1795.0
255000.0043305282,1805.0
242400.01094548742,1815.0
251400.00345962567,1825.0
275799.99511968746,1835.0
177600.00645008503,1845.0
316399.99996578996,1855.0
462200.0060566711,1865.0
431400.0187224745,1875.0
465500.0364638377,1885.0
558600.0330322578,1895.0
498700.00274940394,1905.0
538199.9978839026,1915.0
397100.0020508725,1925.0
158899.99442038592,1935.0
590899.9951884885,1945.0
642500.0271105213,1955.0
787000.0121308772,1967.0
666500.0167246967,1976.0
629200.0178520401,1984.0
712200.0312987238,1995.0
686399.9836917035,2005.0
711799.9778646803,2015.0
586200.0147897138,2025.0
861999.9989315916,2035.0
977300.0163688131,2045.0
872100.0306308351,2055.0
824699.982969952,2065.0
916500.0112250638,2074.0
1552000.0417112133,2078.0
1454000.0404391915,2085.0
1616000.0319083473,2095.0
2016000.069129295,2105.0
2437000.009421977,2115.0
2165000.1397558236,2125.0
1891999.9722548898,2135.0
2557999.9480520575,2145.0
2652000.1862056227,2155.0
2276000.1169523145,2165.0
2362000.128704262,2175.0
2879999.941558987,2185.0
2995000.0945520364,2195.0
2790000.0082652774,2205.0
2022000.1014666115,2215.0
2265999.907943653,2225.0
3085000.004258205,2235.0
2854000.1005798713,2245.0
2078000.1096755855,2255.0
2021000.137877983,2265.0
2459999.9700344973,2275.0
2963000.082061476,2285.0
2420000.095471293,2295.0
2956000.053452293,2305.0
2550000.1229361612,2315.0
2420000.040786627,2325.0
1507999.9157671032,2335.0
891600.0388063109,2345.0
2116999.9588801814,2355.0
1002000.0550918871,2365.0
1479000.0213356179,2375.0
672900.0332420449,2385.0
964300.0376403793,2395.0
945400.007280713,2405.0
1277000.0222922084,2415.0
2449999.977329336,2425.0
2438999.9032277726,2435.0
2953000.2626730218,2445.0
3103000.1749899113,2455.0
2730999.9783821153,2465.0
2409000.099092894,2475.0
1780999.8976355777,2485.0
1986999.9952053246,2495.0
3063999.9363132347,2505.0
1585999.9443559642,2513.0
1233999.981921938,2518.0
1091000.020675165,2525.0
1164999.9479309567,2535.0
1419000.0099674037,2545.0
2555000.1436940576,2555.0
2135000.1571567273,2565.0
2816000.1596031073,2575.0
2509000.086470589,2585.0
2234999.884574311,2595.0
1814999.988118066,2605.0
1626000.077872563,2615.0
2405999.987156921,2625.0
3911999.8560521104,2635.0
5538999.995846247,2645.0
6674999.932360025,2655.0
4413000.16119989,2665.0
5176000.162657027,2675.0
5569000.261277495,2685.0
4430999.868157051,2695.0
5324999.779069827,2705.0
4006999.842933702,2715.0
3817000.135441024,2725.0
4365000.082454629,2735.0
2113000.0318342773,2745.0
2919000.224569148,2755.0
3811000.0407447326,2765.0
4492999.647728327,2775.0
2529000.126310982,2785.0
807000.0423929822,2795.0
1065999.960943483,2805.0
4030999.8488807767,2815.0
6158000.506442753,2825.0
5851999.933459112,2835.0
5067000.291949928,2845.0
2899999.870363811,2855.0
6022000.259019245,2865.0
6607999.864869074,2875.0
6074000.542772994,2885.0
6323000.396436174,2895.0
8167999.793758067,2910.0
7335000.273801005,2930.0
7200000.249402705,2950.0
8013000.444546552,2970.0
7914999.898085133,2990.0
8437000.355820175,3010.0
8375000.479574067,3030.0
8628000.210338874,3050.0
8621999.92283277,3070.0
8862999.953744337,3090.0
8802000.040928474,3110.0
8673000.348183103,3130.0
8555000.312590122,3150.0
8883000.020560592,3170.0
8006000.275288672,3190.0
8810000.554889208,3210.0
7573999.797192573,3230.0
9050000.08062897,3250.0
9997000.596239015,3270.0
9746999.700568441,3290.0
9935000.008259654,3310.0
9823000.610582532,3330.0
9660000.102896752,3350.0
8707999.920653315,3370.0
9404999.95058571,3390.0
9461000.393523222,3410.0
9582000.816090548,3430.0
9897000.215351574,3450.0
9840000.26056986,3470.0
10100000.526977517,3490.0
10429999.609720102,3510.0
9976999.579100624,3530.0
11109999.502093682,3550.0
9595999.833967341,3570.0
9507999.723272618,3590.0
9849999.377622398,3610.0
9926000.749216879,3630.0
9870999.69529538,3640.0
10960000.382604536,3650.0
10810000.565149471,3670.0
10509999.820143513,3690.0
11039999.669463692,3710.0
10350000.231199091,3730.0
11660000.467135835,3750.0
12740000.426227126,3770.0
14010000.249985266,3790.0
15240001.034251431,3810.0
11729999.560900189,3830.0
15260000.279894015,3850.0
15889999.750685673,3870.0
13210001.029603899,3890.0
15959999.71978075,3910.0
9601999.983468164,3930.0
14600001.049509123,3950.0
9774999.91239906,3970.0
17050000.186276224,3990.0
18069999.53069766,4010.0
18060000.709465083,4030.0
17680000.942628905,4050.0
17439999.153487798,4070.0
17480000.298920125,4090.0
15549999.202896554,4110.0
18110001.728543393,4130.0
18710001.799902506,4150.0
18440000.103094082,4170.0
18170000.865011413,4190.0
18120000.119521737,4210.0
17429999.922250673,4230.0
17900000.495282773,4250.0
17280000.127800573,4270.0
16410000.638031064,4290.0
14739999.647880988,4310.0
16400000.643249065,4330.0
14990000.614584297,4350.0
18159999.345148325,4370.0
17370000.012631018,4390.0
17640000.93097174,4410.0
17720000.758759864,4430.0
17680000.412418686,4450.0
18070000.487236984,4470.0
18020001.22990954,4490.0
19120001.711810257,4510.0
17759999.26965341,4530.0
17960000.105641942,4550.0
18839999.626157247,4570.0
17910000.77415916,4590.0
18300001.22287135,4610.0
17940001.177073922,4630.0
18110000.250029474,4650.0
18379999.24200613,4670.0
17890000.43606965,4690.0
17179999.906435676,4710.0
17999999.963139243,4730.0
18099999.98440263,4750.0
17949999.703436572,4770.0
17850000.138537504,4790.0
17649999.66741078,4810.0
17610000.557950452,4830.0
15870000.880207177,4850.0
13620000.569799708,4870.0
16749999.687717455,4890.0
16849999.963574123,4910.0
16570000.660694547,4930.0
17030000.371738095,4950.0
17160000.601579092,4970.0
16190000.792237,4990.0
15610000.195945125,5010.0
16329999.779181931,5030.0
16219999.721651034,5050.0
16669999.272277137,5070.0
16220000.834784409,5090.0
16350000.764785068,5110.0
15959999.237939227,5130.0
15569999.768725773,5150.0
15040000.434571339,5170.0
14899999.931896538,5190.0
15370000.94022484,5210.0
15470000.358520161,5230.0
15720000.255863613,5250.0
14380000.517591294,5270.0
15470001.072977478,5290.0
15609999.925009094,5310.0
14640000.772959273,5330.0
15320000.796932923,5350.0
15249999.76400626,5370.0
15090000.056504505,5390.0
14670000.227238428,5410.0
14939999.542121258,5430.0
15140000.567670586,5450.0
14890000.003408948,5470.0
14780001.081719596,5490.0
14760000.57434679,5510.0
14730000.029101422,5530.0
14809999.416486084,5550.0
14479999.592090134,5570.0
14279999.867747325,5590.0
14440000.731894135,5610.0
14480000.570673442,5630.0
14350000.985243622,5650.0
14060000.190323541,5670.0
14170001.030648211,5690.0
13990000.849444965,5710.0
14430000.512584249,5730.0
14079999.581006113,5750.0
14119999.44510664,5770.0
13880000.143283814,5790.0
13960000.573909864,5810.0
14000000.436002828,5830.0
13760000.837341186,5850.0
13730000.064597609,5870.0
13240000.04833251,5890.0
13559999.766662719,5910.0
13480000.078506013,5930.0
13450000.320884787,5950.0
13390000.115151562,5970.0
13250000.403766435,5990.0
13069999.400513213,6010.0
13029999.984401641,6030.0
13119999.803817635,6050.0
13069999.723820629,6070.0
12850000.08960144,6090.0
12700000.558508476,6110.0
12380000.463923812,6130.0
12349999.651377901,6150.0
12150000.298899258,6170.0
12499999.93741356,6190.0
12470000.117548596,6210.0
12229999.64201394,6230.0
11860000.498126503,6250.0
12230000.185788758,6270.0
12200000.766286952,6290.0
11900000.847514007,6310.0
11909999.95724552,6330.0
11850000.725197509,6350.0
11780000.050772037,6370.0
11800000.216475442,6390.0
11559999.35035888,6410.0
11610000.586882604,6430.0
11450000.226676852,6450.0
11429999.891858617,6470.0
11239999.571826652,6490.0
11340000.452980513,6510.0
11240000.266300611,6530.0
10580000.28600322,6550.0
9045000.128222384,6570.0
10869999.833913567,6590.0
11069999.557076255,6610.0
11030000.694075944,6630.0
10979999.850268316,6650.0
10860000.40910193,6670.0
10910000.073411321,6690.0
10770000.925515836,6710.0
10770000.433383498,6730.0
10629999.941888817,6750.0
10630000.086472074,6770.0
10560000.053930894,6790.0
10480000.324831022,6810.0
10449999.731011225,6830.0
10310000.830826655,6850.0
10330000.269568361,6870.0
10280000.684088632,6890.0
10210000.098949876,6910.0
10150000.63796714,6930.0
10100000.812880423,6950.0
10049999.633838657,6970.0
10000000.237160657,6990.0
9768999.825861905,7010.0
9832999.836728266,7030.0
9818999.79689638,7050.0
9743001.00231308,7070.0
9685000.548337562,7090.0
9562000.413678676,7110.0
9520999.852911476,7130.0
9465000.619544595,7150.0
9396000.147710074,7170.0
9245000.49668487,7190.0
9295000.003186638,7210.0
9241000.06208191,7230.0
9229999.946996784,7250.0
9200999.69967796,7270.0
9017000.601315964,7290.0
9058000.092320465,7310.0
9010000.642330058,7330.0
9003000.02766961,7350.0
8965999.979031753,7370.0
8798000.419145621,7390.0
8677999.888033936,7410.0
8697000.217426157,7430.0
8679000.10077586,7450.0
8669999.685820572,7470.0
8599000.6285697,7490.0
8582000.060834983,7510.0
8549000.089973854,7530.0
8540000.412220987,7550.0
8450999.576156473,7570.0
8414999.927305233,7590.0
8352000.1146188425,7610.0
8342000.252825486,7630.0
8278000.350908312,7650.0
8121999.930780027,7670.0
8167999.646132654,7690.0
8095000.02923287,7710.0
8081000.193332538,7730.0
7989000.0562194865,7750.0
7934999.960491286,7770.0
7995999.680824708,7790.0
7933000.006512443,7810.0
7843999.935595738,7830.0
7799000.294323003,7850.0
7808000.161270117,7870.0
7760000.06434771,7890.0
7686000.296298355,7910.0
7558000.3881290555,7930.0
7559000.490657576,7950.0
7607999.889192829,7970.0
7564000.175877241,7990.0
7487999.69026426,8010.0
7441000.388276858,8030.0
7391999.586709424,8050.0
7392999.714610258,8070.0
7300000.288092177,8090.0
7322000.189796126,8110.0
7305000.045977879,8130.0
7251000.134609729,8150.0
7210999.83611043,8170.0
7031999.837100974,8190.0
7028000.425948709,8210.0
6995000.011066669,8230.0
6982999.823696433,8250.0
7025000.168839312,8270.0
6974999.774780622,8290.0
6876000.451349208,8310.0
6801000.1876085,8330.0
6827999.9566800045,8350.0
6825000.241561519,8370.0
6734000.082993236,8390.0
6753000.597921838,8410.0
6659999.801188678,8430.0
6596000.0856133355,8450.0
6570999.948218023,8470.0
6515000.347377391,8490.0
6216999.594065389,8510.0
6428000.383197493,8530.0
5578000.076191683,8550.0
6495999.9431859115,8570.0
6324000.215778004,8590.0
6255999.996971244,8610.0
6399000.01665543,8630.0
6286999.913151263,8650.0
5419000.021741927,8670.0
6159000.057397951,8690.0
6270000.082946567,8710.0
6199000.1966840755,8730.0
5753999.88563836,8750.0
6124000.512307479,8770.0
6159000.197509037,8790.0
6086000.08906218,8810.0
6060000.152817428,8830.0
5909000.352376648,8850.0
5513000.083321205,8870.0
5974999.947108513,8890.0
6000000.27275512,8910.0
5921999.9789864905,8930.0
5939000.035848552,8950.0
5903999.884601286,8970.0
5848000.178559765,8990.0
5293999.902008015,9010.0
5594999.897563138,9030.0
5802000.050763388,9050.0
5683999.75912398,9070.0
5559000.297809029,9090.0
5645000.151628111,9110.0
5708999.891741048,9130.0
5683000.278916571,9150.0
5639000.053143101,9170.0
5608999.814996082,9190.0
5421999.96673837,9210.0
4899000.378802237,9230.0
5302000.483587935,9250.0
5412000.430067629,9270.0
5471000.050012132,9290.0
5464999.585854824,9310.0
5426000.207149435,9330.0
5404000.326748638,9350.0
5379999.943635493,9370.0
5346999.955884392,9390.0
5133000.355005474,9410.0
5251999.7257758705,9430.0
5212000.269734832,9450.0
5244999.612739799,9470.0
5222999.7402183,9490.0
5158000.539575043,9510.0
5030999.725662246,9530.0
4537999.978203797,9550.0
4995000.1823735535,9570.0
5069000.188283811,9590.0
5014000.427003239,9610.0
4964999.685517566,9630.0
4972999.916397856,9650.0
4918000.1387014,9670.0
4924999.881590791,9690.0
4943000.138223998,9710.0
4919999.713433364,9730.0
4850000.292289376,9750.0
4859999.913031104,9770.0
4831000.145702944,9790.0
4825000.014919888,9810.0
4792999.873946933,9830.0
4762000.021896196,9850.0
4726000.1005264465,9870.0
4690000.022351417,9890.0
4663000.369693019,9910.0
4680000.047893079,9930.0
4657000.164301204,9950.0
4636000.139857643,9970.0
4603999.954374581,9990.0
4451000.081610303,10025.0
4302000.305393108,10075.0
4437999.9643743625,10125.0
4379999.974182254,10175.0
4353000.249876378,10225.0
4318000.1451869495,10275.0
4236000.065420767,10325.0
4195999.979742603,10375.0
4157999.9733964796,10425.0
4063000.3045955584,10475.0
4048000.0410168753,10525.0
3995000.352704923,10575.0
3945000.2232807516,10625.0
3831000.116916,10675.0
3831999.8941158345,10725.0
3789000.029817056,10775.0
3717999.993578841,10825.0
3679000.0909633306,10875.0
3432000.0006433614,10925.0
3538000.210951637,10975.0
3594000.2962291026,11025.0
3576000.1136122905,11075.0
3523000.139924391,11125.0
3478999.760191515,11175.0
3456000.0882176845,11225.0
3366000.223596897,11275.0
3337999.8426412283,11325.0
3320000.1873806454,11375.0
3257999.9874828453,11425.0
3272000.075009349,11475.0
3237000.1009676824,11525.0
3189000.099977861,11575.0
3118999.96577022,11625.0
3080999.906273615,11675.0
3101000.0515077445,11725.0
3008999.801211694,11775.0
2995000.1997383917,11825.0
2947000.022420522,11875.0
2976999.908469281,11925.0
2883000.245386191,11975.0
2887000.247509191,12025.0
2846999.8744997378,12075.0
2825999.943061333,12125.0
2818000.081176606,12175.0
2786000.110855808,12225.0
2746999.936113643,12275.0
2724000.0789356045,12325.0
2696999.987165702,12375.0
2669999.8823189563,12425.0
2646000.034312959,12475.0
2609999.942833012,12525.0
2576000.029383435,12575.0
2555000.0656141723,12625.0
2529999.9324529986,12675.0
2508000.06002871,12725.0
2452000.076003535,12775.0
2211000.012874087,12825.0
2405000.035778581,12875.0
2399000.0657361625,12925.0
2388000.0376654295,12975.0
2358000.075510914,13025.0
2345000.005686238,13075.0
2307000.03754945,13125.0
2278999.938283045,13175.0
2274999.945276324,13225.0
2239999.954192906,13275.0
2226000.0881373845,13325.0
2201999.9755742545,13375.0
2186999.8880098513,13425.0
2165000.026233212,13475.0
2140000.0277821044,13525.0
2107999.984126237,13575.0
2098000.0888551506,13625.0
2074000.0412359948,13675.0
2040999.979795196,13725.0
2031000.1674556101,13775.0
2014000.026636572,13825.0
2004999.957673451,13875.0
1977000.1494437577,13925.0
1959999.9971702942,13975.0
1936000.141266016,14025.0
1926000.0823359976,14075.0
1896999.983627796,14125.0
1890999.892101481,14175.0
1857000.0514288025,14225.0
1829999.922317028,14275.0
1833000.005874574,14325.0
1823999.9392464547,14375.0
1755000.0501956579,14425.0
1784000.1048422551,14475.0
1740999.994085504,14525.0
1746000.0601133252,14570.0
1725999.9841516472,14620.0
1715000.0444511678,14675.0
1683999.9630151386,14725.0
1668000.1021189531,14775.0
1659000.0662903262,14825.0
1624999.924480606,14875.0
1644000.0068974758,14925.0
1616999.9509609137,14975.0
1587000.0213310018,15025.0
1570999.8920675772,15075.0
1576999.888709856,15125.0
1567000.123401363,15175.0
1539999.977245856,15225.0
1535000.1702432132,15275.0
1516999.9837441149,15325.0
1503999.9855823582,15375.0
1480999.9461134388,15425.0
1474000.1240224475,15475.0
1458000.017198973,15525.0
1434999.9902454196,15575.0
1442999.952761435,15625.0
1407000.0856040174,15675.0
1392000.0575463532,15725.0
1372999.9840518583,15775.0
1375000.0388108548,15825.0
1307000.1151804146,15875.0
1342999.9849039451,15925.0
1345000.0438651107,15975.0
1314999.9865720875,16050.0
1263999.9636319566,16150.0
1285000.035582822,16250.0
1234999.9692105935,16350.0
1177999.9977818262,16450.0
1211000.003580506,16550.0
1189000.0268485895,16650.0
1133999.9695581626,16750.0
1072999.9460684475,16850.0
1119000.001185372,16950.0
1089000.0323652925,17050.0
1071000.0078801957,17150.0
1036000.006310746,17250.0
944600.0365758027,17350.0
985199.944392249,17450.0
981799.9903781704,17550.0
962100.0326306783,17650.0
944900.0360833801,17750.0
927200.034261455,17850.0
911700.0302229917,17950.0
885700.0018063076,18050.0
811800.030920217,18150.0
836599.9997490597,18250.0
837000.0229754696,18350.0
818900.0212772324,18450.0
804100.0204795289,18550.0
782199.9770489518,18650.0
709699.9768820422,18750.0
751000.0110280182,18850.0
732099.9975450693,18950.0
733300.0193333469,19050.0
717799.9745155214,19150.0
703900.0347798495,19250.0
683200.0156350418,19350.0
624000.0327493652,19450.0
660299.9527848633,19550.0
652299.9683523037,19650.0
638899.9911333615,19750.0
629999.9827457245,19850.0
618499.9808717357,19950.0
609000.0307916383,20050.0
599600.0637676108,20150.0
585800.0314918585,20250.0
572699.9800101635,20350.0
567799.9709868358,20450.0
556600.0261915746,20550.0
544600.018941668,20650.0
536200.006680619,20750.0
526999.9974784658,20850.0
516000.00107583404,20950.0
509100.01871175173,21050.0
499000.0121789199,21150.0
490199.9838121371,21250.0
482500.01566811145,21350.0
475100.02732221724,21450.0
464299.9954751372,21550.0
424899.99352050095,21650.0
444799.9865576989,21750.0
441699.97772831266,21850.0
437100.016010712,21950.0
427000.0205700497,22050.0
421300.0132471529,22150.0
415200.0220669329,22250.0
408300.00814640115,22350.0
401599.9810867075,22450.0
392900.01099959336,22550.0
387500.0091770421,22650.0
382100.0163532687,22750.0
374800.00166997954,22850.0
369100.01253356406,22950.0
364399.98875814944,23050.0
357900.0115311175,23150.0
352700.01099696156,23250.0
346499.99862422864,23350.0
341899.99976941315,23450.0
336100.01208412566,23550.0
331399.99939831387,23650.0
324600.0055569953,23750.0
319800.0012149292,23850.0
315800.0061678325,23950.0
310600.00057580846,24050.0
305100.0031570718,24150.0
301100.00229166774,24250.0
295900.0032001603,24350.0
292000.02490551723,24450.0
286099.98501662514,24550.0
283300.02299352014,24650.0
278300.0251736634,24750.0
273300.0023974585,24850.0
269699.9914877556,24950.0
266699.9951857175,25050.0
262700.00211154314,25150.0
258300.022585742,25250.0
255099.99392568224,25350.0
250899.99905021372,25450.0
246900.00565709977,25550.0
241600.00070872423,25650.0
240599.98735562043,25750.0
235800.00075996804,25850.0
233800.0114506739,25950.0
229700.01935646977,26050.0
223300.00987562924,26150.0
209500.0120772012,26250.0
218700.0045069486,26350.0
216799.99513664717,26450.0
214199.99793342876,26550.0
209800.00872573585,26650.0
204199.99992959978,26750.0
205500.00712160033,26850.0
203600.0044732509,26950.0
200700.0138212332,27050.0
197899.99867672788,27150.0
195199.99806421588,27250.0
192600.01300319622,27350.0
189600.0044216075,27450.0
181899.99585220517,27550.0
182399.99780132461,27650.0
182000.0037821697,27750.0
179800.0041153188,27850.0
177699.99732134183,27950.0
175199.99474512195,28050.0
172900.0061979675,28150.0
170599.99201546304,28250.0
168499.9988904189,28350.0
165800.0047519585,28450.0
163700.00156090548,28550.0
160199.99077726217,28650.0
153400.00788559442,28750.0
156700.00550369368,28850.0
155399.99951149683,28950.0
153500.00479577412,29050.0
151300.00922102944,29150.0
149200.00769548566,29250.0
147600.0088076319,29350.0
145600.0009586333,29450.0
143900.00461678114,29550.0
142099.99971413126,29650.0
140199.99672466106,29750.0
138499.99685353076,29850.0
136600.0091195742,29950.0
134800.00162007156,30050.0
133200.0038626586,30150.0
131200.0048072769,30250.0
125299.99801133404,30350.0
125999.99711941245,30450.0
126499.9984558474,30550.0
125000.00274149762,30650.0
123700.00059701377,30750.0
121899.9977726387,30850.0
120500.00805921995,30950.0
119100.00126019714,31050.0
116999.99576903875,31150.0
116099.99876944671,31250.0
114800.00111375922,31350.0
113399.99559534638,31450.0
111900.00290095613,31550.0
110800.00934931848,31650.0
109300.00477502511,31750.0
108100.00179756734,31850.0
106900.00144695805,31950.0
104900.00480169714,32100.0
102500.00062851256,32300.0
100100.00676297549,32500.0
97740.00547443946,32700.0
92829.99265736096,32900.0
92669.99741635853,33100.0
90920.00199753854,33300.0
89100.00051880648,33500.0
86930.00609807837,33700.0
84989.99907306266,33900.0
83040.00729886189,34100.0
81410.00391817333,34300.0
79790.00123462411,34500.0
77970.00091088162,34700.0
76319.99953345582,34900.0
74680.00232226425,35100.0
73010.00281425285,35300.0
71489.99977010913,35500.0
69910.00159928393,35700.0
68429.99880222259,35900.0
67060.00461999857,36100.0
65670.00148468155,36300.0
64089.99846729432,36500.0
62800.0041047168,36700.0
61229.99707411048,36900.0
60029.99949054085,37100.0
58320.00078402106,37300.0
56469.999445679925,37500.0
56570.00132273497,37700.0
55469.99925903029,37900.0
54309.998845441514,38100.0
53339.99982504571,38300.0
52370.00000929715,38500.0
51240.00117262813,38700.0
50200.001172452976,38900.0
49150.00255616471,39100.0
48370.003874106034,39300.0
47349.99967081217,39500.0
46520.00098226218,39700.0
45440.00148772163,39900.0
44530.000070304675,40100.0
43710.00128664181,40300.0
42089.99882159744,40500.0
42180.002568321535,40700.0
41420.000962262944,40900.0
40720.00304217051,41100.0
39990.00055393329,41300.0
39170.00097849227,41500.0
38169.99781499007,41700.0
37750.00071010218,41900.0
36989.99892336056,42100.0
36480.001827468994,42300.0
35780.000640998245,42500.0
35170.00149671455,42700.0
34510.00003559561,42900.0
33850.00309031525,43100.0
33220.0002802793,43300.0
32570.000763987497,43500.0
31620.00172074246,43700.0
31370.001993952275,43900.0
30779.99993141851,44100.0
30300.00163479248,44300.0
29780.000048177822,44500.0
29249.998632823637,44700.0
28770.00244244809,44900.0
28270.001461484742,45100.0
27770.00076654204,45300.0
27330.001084879386,45500.0
26870.000658484267,45700.0
26390.00070314706,45900.0
25999.998982548663,46100.0
25559.99900795839,46300.0
24580.00002122623,46500.0
24360.00130948204,46700.0
24330.000664754065,46900.0
23959.999156406335,47100.0
23590.000671280555,47300.0
23200.00103906333,47500.0
22829.999351134615,47700.0
22470.000235583295,47900.0
22100.0001551867,48100.0
21760.000644339132,48300.0
21400.001365828914,48500.0
21069.999962033897,48700.0
20740.00055385474,48900.0
20409.999641594644,49100.0
20099.99958678416,49300.0
19769.99936049876,49500.0
19470.0000275824,49700.0
19189.999310390496,49900.0
18870.000434808197,50100.0
18600.000875893526,50300.0
18300.00089963411,50500.0
18030.001341232448,50700.0
17750.001266957268,50900.0
17460.001224528594,51100.0
16949.99924568958,51300.0
16960.00011784672,51500.0
16720.000379182093,51700.0
16470.001054141114,51900.0
16209.999394029965,52100.0
15979.999575825103,52300.0
15759.999628134403,52500.0
15530.000089374977,52700.0
15290.001478140599,52900.0
15080.001342449606,53100.0
14860.000718446292,53300.0
14640.000776549696,53500.0
14409.999976580108,53700.0
14219.999816093452,53900.0
14029.999303469336,54100.0
13810.00013870129,54300.0
13629.999746137812,54500.0
13420.00032554152,54700.0
13250.000597520244,54900.0
13069.999529334917,55100.0
12870.000053958182,55300.0
12700.00001052333,55500.0
12530.000748703093,55700.0
12329.999474353603,55900.0
12189.999973961882,56100.0
12010.000408524309,56300.0
11859.999699843876,56500.0
11700.000352944979,56700.0
11530.000590737856,56900.0
11360.00009481044,57100.0
11229.999725082998,57300.0
11080.0005821469,57500.0
10930.000315664558,57700.0
10779.999674056768,57900.0
10640.00050003167,58100.0
10500.000385539939,58300.0
10360.000798669638,58500.0
10219.99955381803,58700.0
10070.000309050532,58900.0
9792.000005708804,59100.0
9822.000610098541,59300.0
9643.000590445628,59500.0
9563.000051958365,59700.0
9448.999538639853,59900.0
9321.000864461068,60100.0
9209.000675037223,60300.0
9091.000086741611,60500.0
8971.000368362804,60700.0
8853.000661667322,60900.0
8730.999929099658,61100.0
8633.999818623086,61300.0
8527.999975393805,61500.0
8419.999851934755,61700.0
8314.00015470019,61900.0
8211.999807474871,62100.0
8092.999651296921,62300.0
8002.999595052682,62500.0
7901.999863495133,62700.0
7763.9997061836875,62900.0
7700.000467264122,63100.0
7621.00040132393,63300.0
7525.9998566239565,63500.0
7434.000059064901,63700.0
7343.000084054212,63900.0
7212.000251829377,64200.0
7034.999937350527,64600.0
6866.000116836866,65000.0
6707.999962562748,65400.0
6551.000168841755,65800.0
6396.00011356925,66200.0
6249.000139659449,66600.0
6101.999985365511,67000.0
5959.000400108627,67400.0
5803.000192370989,67800.0
5692.999929421332,68200.0
5563.999958716516,68600.0
5439.000181512062,69000.0
5316.000076483775,69400.0
5199.000187892581,69800.0
5081.000123758559,70200.0
4972.000159026789,70600.0
4864.000044803909,71000.0
4758.000171412942,71400.0
4653.999786485893,71800.0
4552.999942051053,72200.0
4456.000194227792,72600.0
4363.000238096801,73000.0
4268.000138367424,73400.0
4180.000147903751,73800.0
4090.0001540098197,74200.0
3968.0000282420997,74600.0
3875.000008899994,75000.0
3840.9998824938098,75400.0
3764.0001761145218,75800.0
3687.000183775908,76200.0
3612.000058314805,76600.0
3537.999931367829,77000.0
3467.999946416712,77400.0
3398.000083294643,77800.0
3330.99986581592,78200.0
3264.9999019397064,78600.0
3200.0001177404706,79000.0
3137.000036255311,79400.0
3076.0000577923875,79800.0
3015.0000492554486,80200.0
2957.0001973525627,80600.0
2900.9999046282264,81000.0
2841.999921672624,81400.0
2790.000121223416,81800.0
2738.0001451124995,82200.0
2685.99999589186,82600.0
2636.0000438311326,83000.0
2584.9999264646112,83400.0
2537.000179728261,83800.0
2491.000232263578,84200.0
2445.000105895376,84600.0
2400.0000414530314,85000.0
2355.99997324445,85400.0
2312.9998368025626,85800.0
2271.0000637459552,86200.0
2228.0001235760506,86600.0
2190.0001073746166,87000.0
2144.9999027832546,87400.0
2106.9998282937045,87800.0
2075.000186612141,88200.0
2038.0001440266549,88600.0
2002.0000186742582,89000.0
1968.0000276254111,89400.0
1932.9999900836483,89800.0
1900.000080366276,90200.0
1867.0001015201171,90600.0
1834.0000544567592,91000.0
1803.0001262062676,91400.0
1773.000160774206,91800.0
1743.0001234850383,92200.0
1713.0001304412217,92600.0
1684.9998994691196,93000.0
1656.0000233205378,93400.0
1624.9999016340253,93800.0
1601.0001394045516,94200.0
1575.000128450744,94600.0
1549.000154694264,95000.0
1523.000105876246,95400.0
1498.9999223067546,95800.0
1474.00002670376,96200.0
1449.999968252315,96600.0
1427.0001316849975,97000.0
1402.9999751570952,97400.0
1380.9998959058885,97800.0
1359.00006488072,98200.0
1338.00001214235,98600.0
1316.9999885887519,99000.0
1295.9999938675942,99400.0
1275.0000276321944,99800.0
1255.0000531157139,100200.0
81.01999385347473,200000.0
5.073999961751459,400000.0
0.9964999830736396,600000.0
0.31330002093943476,800000.0
0.12759999691984783,1000000.0
0.06122000087126916,1200000.0
0.03290000383725904,1400000.0
0.019200000826148273,1600000.0
